{"last_tab":"","layout":"wide","site_width":"1100px","margin_offset":{"top":"0px","bottom":"0px"},"scroll_offset":"full","boxed_modal_shadow":"","main_padding":{"top":"55px","bottom":"40px"},"page_template":"site_width","hundredp_padding":"30px","sidebar_width":"28%","sidebar_gutter":"6%","sidebar_2_1_width":"21%","sidebar_2_2_width":"21%","dual_sidebar_gutter":"3%","responsive":"1","grid_main_break_point":"1024","side_header_break_point":"1400","content_break_point":"1024","sidebar_break_point":"800","mobile_zoom":"1","visibility_small":"640","visibility_medium":"1024","typography_sensitivity":"0.54","typography_factor":"1.50","color_palette":{"color1":{"label":"Color 1","color":"rgba(255,255,255,1)"},"color2":{"label":"Color 2","color":"rgba(224,222,222,1)"},"color3":{"label":"Color 3","color":"rgba(176,108,244,1)"},"color4":{"label":"Color 4","color":"rgba(50,122,231,1)"},"color5":{"label":"Color 5","color":"rgba(57,63,170,1)"},"color6":{"label":"Color 6","color":"rgba(85,50,139,1)"},"color7":{"label":"Color 7","color":"rgba(45,28,69,1)"},"color8":{"label":"Color 8","color":"rgba(0,0,0,1)"}},"primary_color":"var(--awb-color3)","slider_position":"below","header_position":"top","header_layout":"v1","header_left_content":"contact_info","header_right_content":"navigation","header_v4_content":"tagline_and_search","header_number":"Call Us Today! 1.555.555.555","header_email":"info@yourdomain.com","header_tagline":"Insert Tagline Here","header_banner_code":"","header_bg_image":{"url":"","id":"","height":"","width":"","thumbnail":""},"header_bg_full":"0","header_bg_parallax":"1","header_bg_repeat":"no-repeat","side_header_width":"280","header_padding":{"top":"30px","right":"80px","bottom":"20px","left":"80px"},"header_shadow":"0","header_100_width":"1","header_bg_color":"var(--awb-color7)","archive_header_bg_color":"var(--awb-color7)","header_border_color":"hsla(var(--awb-color8-h),var(--awb-color8-s),calc( var(--awb-color8-l) + 90% ),var(--awb-color8-a))","header_top_bg_color":"var(--awb-color3)","tagline_font_size":"16px","tagline_font_color":"hsla(var(--awb-color8-h),var(--awb-color8-s),calc( var(--awb-color8-l) + 45% ),var(--awb-color8-a))","header_sticky":"0","header_sticky_tablet":"0","header_sticky_mobile":"0","header_sticky_shrinkage":"0","header_sticky_type2_layout":"menu_only","header_sticky_shadow":"1","header_sticky_bg_color":"var(--awb-color1)","header_sticky_menu_color":"var(--awb-color7)","header_sticky_nav_padding":"35","header_sticky_nav_font_size":"14px","nav_height":"101","menu_highlight_style":"textcolor","menu_highlight_background":"var(--awb-color4)","menu_arrow_size":{"width":"23px","height":"12px"},"nav_highlight_border":"3","nav_padding":"55","mobile_nav_padding":"25","megamenu_shadow":"1","main_menu_sub_menu_animation":"fade","dropdown_menu_top_border_size":"3","dropdown_menu_width":"180","mainmenu_dropdown_vertical_padding":"7","mainmenu_dropdown_display_divider":"1","menu_display_dropdown_indicator":"none","main_nav_search_icon":"1","main_nav_search_layout":"overlay","main_nav_icon_circle":"0","main_nav_highlight_radius":"4px","menu_sub_bg_color":"var(--awb-color1)","menu_bg_hover_color":"hsla(var(--awb-color6-h),var(--awb-color6-s),var(--awb-color6-l),calc( var(--awb-color6-a) - 60% ))","menu_sub_sep_color":"rgba(226,226,226,0)","menu_h45_bg_color":"var(--awb-color1)","nav_typography":{"font-family":"","font-backup":"Arial, Helvetica, sans-serif","font-style":"","font-weight":"400","font-size":"17px","letter-spacing":"0","text-transform":"","color":"var(--awb-color1)"},"menu_text_align":"center","menu_hover_first_color":"var(--awb-color3)","menu_sub_color":"hsla(var(--awb-color8-h),var(--awb-color8-s),var(--awb-color8-l),calc( var(--awb-color8-a) - 10% ))","nav_dropdown_font_size":"13px","flyout_menu_icon_font_size":"20px","flyout_nav_icons_padding":"45","flyout_menu_icon_color":"var(--awb-color7)","flyout_menu_icon_hover_color":"var(--awb-color4)","flyout_menu_background_color":"hsla(var(--awb-color1-h),var(--awb-color1-s),var(--awb-color1-l),calc( var(--awb-color1-a) - 5% ))","flyout_menu_direction":"fade","flyout_menu_item_padding":"28","topmenu_dropwdown_width":"180","header_top_first_border_color":"hsla(var(--awb-color8-h),var(--awb-color8-s),calc( var(--awb-color8-l) + 90% ),var(--awb-color8-a))","header_top_sub_bg_color":"var(--awb-color1)","header_top_menu_bg_hover_color":"hsla(var(--awb-color8-h),var(--awb-color8-s),calc( var(--awb-color8-l) + 98% ),var(--awb-color8-a))","header_top_menu_sub_sep_color":"hsla(var(--awb-color8-h),var(--awb-color8-s),calc( var(--awb-color8-l) + 90% ),var(--awb-color8-a))","snav_font_size":"12px","sec_menu_lh":"44px","snav_color":"var(--awb-color1)","header_top_menu_sub_color":"hsla(var(--awb-color8-h),var(--awb-color8-s),calc( var(--awb-color8-l) + 45% ),var(--awb-color8-a))","header_top_menu_sub_hover_color":"var(--awb-color7)","mobile_menu_design":"modern","mobile_menu_icons_top_margin":"0","mobile_menu_nav_height":"65","mobile_nav_submenu_slideout":"1","mobile_menu_search":"1","mobile_menu_submenu_indicator":"1","mobile_header_bg_color":"var(--awb-color7)","mobile_archive_header_bg_color":"var(--awb-color7)","mobile_menu_background_color":"var(--awb-color6)","mobile_menu_hover_color":"var(--awb-color6)","mobile_menu_border_color":"rgba(0,0,0,0)","mobile_menu_toggle_color":"var(--awb-color1)","mobile_menu_typography":{"font-family":"","font-backup":"","font-style":"","font-weight":"400","font-size":"14px","line-height":"65px","letter-spacing":"0","text-transform":"","color":"var(--awb-color1)"},"mobile_menu_font_hover_color":"var(--awb-color1)","mobile_menu_text_align":"center","megamenu_width":"site_width","megamenu_max_width":"1100","megamenu_interior_content_width":"viewport_width","megamenu_title_size":"18px","megamenu_item_vertical_padding":"5","megamenu_item_display_divider":"0","menu_icon_position":"left","menu_icon_size":"14","menu_icon_color":"var(--awb-color1)","menu_icon_hover_color":"var(--awb-color3)","menu_thumbnail_size":{"width":"26px","height":"14px"},"logo_alignment":"left","logo_margin":{"top":"31px","right":"0px","bottom":"31px","left":"0px"},"logo_background":"0","logo_background_color":"var(--awb-color4)","logo_custom_link":"","logo":{"url":"https:\/\/avada.theme-fusion.com\/podcasts\/wp-content\/uploads\/sites\/116\/2019\/09\/avada-podcasts-logo.png","id":"32","height":"36","width":"169","thumbnail":"https:\/\/avada.theme-fusion.com\/podcasts\/wp-content\/uploads\/sites\/116\/2019\/09\/avada-podcasts-logo-150x36.png"},"logo_retina":{"url":"https:\/\/avada.theme-fusion.com\/podcasts\/wp-content\/uploads\/sites\/116\/2019\/09\/avada-podcasts-logo@2x.png","id":"33","height":"71","width":"338","thumbnail":"https:\/\/avada.theme-fusion.com\/podcasts\/wp-content\/uploads\/sites\/116\/2019\/09\/avada-podcasts-logo@2x-150x71.png"},"sticky_header_logo":{"url":"https:\/\/avada.theme-fusion.com\/podcasts\/wp-content\/uploads\/sites\/116\/2019\/09\/avada-podcasts-logo.png","id":"32","height":"36","width":"169","thumbnail":"https:\/\/avada.theme-fusion.com\/podcasts\/wp-content\/uploads\/sites\/116\/2019\/09\/avada-podcasts-logo-150x36.png"},"sticky_header_logo_retina":{"url":"https:\/\/avada.theme-fusion.com\/podcasts\/wp-content\/uploads\/sites\/116\/2019\/09\/avada-podcasts-logo@2x.png","id":"33","height":"71","width":"338","thumbnail":"https:\/\/avada.theme-fusion.com\/podcasts\/wp-content\/uploads\/sites\/116\/2019\/09\/avada-podcasts-logo@2x-150x71.png"},"mobile_logo":{"url":"https:\/\/avada.theme-fusion.com\/podcasts\/wp-content\/uploads\/sites\/116\/2019\/09\/avada-podcasts-logo.png","id":"32","height":"36","width":"169","thumbnail":"https:\/\/avada.theme-fusion.com\/podcasts\/wp-content\/uploads\/sites\/116\/2019\/09\/avada-podcasts-logo-150x36.png"},"mobile_logo_retina":{"url":"https:\/\/avada.theme-fusion.com\/podcasts\/wp-content\/uploads\/sites\/116\/2019\/09\/avada-podcasts-logo@2x.png","id":"33","height":"71","width":"338","thumbnail":"https:\/\/avada.theme-fusion.com\/podcasts\/wp-content\/uploads\/sites\/116\/2019\/09\/avada-podcasts-logo@2x-150x71.png"},"fav_icon":{"url":"","id":"","height":"","width":"","thumbnail":""},"fav_icon_apple_touch":{"url":"","id":"","height":"","width":"","thumbnail":""},"fav_icon_android":{"url":"","id":"","height":"","width":"","thumbnail":""},"fav_icon_edge":{"url":"","id":"","height":"","width":"","thumbnail":""},"page_title_bar":"bar_and_content","page_title_bar_bs":"breadcrumbs","page_title_bar_text":"1","page_title_100_width":"1","page_title_height":"400px","page_title_mobile_height":"90px","page_title_bg_color":"var(--awb-color7)","page_title_border_color":"rgba(210,211,212,0)","page_title_font_size":"32px","page_title_line_height":"2em","page_title_color":"var(--awb-color1)","page_title_subheader_font_size":"18px","page_title_subheader_color":"var(--awb-color1)","page_title_alignment":"center","page_title_bg":{"url":"","id":"","height":"","width":"","thumbnail":""},"page_title_bg_retina":{"url":"","id":"","height":"","width":"","thumbnail":""},"page_title_bg_full":"0","page_title_bg_parallax":"0","page_title_fading":"0","breadcrumb_mobile":"0","breacrumb_prefix":"","breadcrumb_separator":"\/","breadcrumbs_font_size":"13px","breadcrumbs_text_color":"var(--awb-color1)","breadcrumbs_text_hover_color":"var(--awb-color4)","breadcrumb_show_categories":"1","breadcrumb_show_post_type_archive":"0","breadcrumb_show_leaf":"1","slidingbar_widgets":"0","mobile_slidingbar_widgets":"0","slidingbar_open_on_load":"0","slidingbar_position":"top","slidingbar_width":"300px","slidingbar_sticky":"1","slidingbar_widgets_columns":"2","slidingbar_column_alignment":"stacked","slidingbar_content_padding":{"top":"60px","right":"30px","bottom":"60px","left":"30px"},"slidingbar_content_align":"left","slidingbar_toggle_style":"triangle","slidingbar_bg_color":"hsla(var(--awb-color8-h),var(--awb-color8-s),var(--awb-color8-l),calc( var(--awb-color8-a) - 20% ))","slidingbar_divider_color":"hsla(var(--awb-color8-h),var(--awb-color8-s),var(--awb-color8-l),calc( var(--awb-color8-a) - 10% ))","slidingbar_toggle_icon_color":"var(--awb-color1)","slidingbar_font_size":"13px","slidingbar_headings_color":"hsla(var(--awb-color8-h),var(--awb-color8-s),calc( var(--awb-color8-l) + 87% ),var(--awb-color8-a))","slidingbar_text_color":"var(--awb-color2)","slidingbar_link_color":"hsla(var(--awb-color8-h),var(--awb-color8-s),calc( var(--awb-color8-l) + 75% ),var(--awb-color8-a))","slidingbar_link_color_hover":"var(--awb-color4)","slidingbar_border":"0","footer_widgets":"1","footer_widgets_columns":"4","footer_widgets_center_content":"0","footer_special_effects":"none","footer_copyright":"1","footer_copyright_center_content":"0","footer_text":"\u00a9 Copyright 2012 - <script>document.write(new Date().getFullYear());<\/script>   |   Avada Theme by <a href='http:\/\/theme-fusion.com' target='_blank'>ThemeFusion<\/a>   |   All Rights Reserved   |   Powered by <a href='http:\/\/wordpress.org' target='_blank'>WordPress<\/a>","footerw_bg_image":{"url":"","id":"","height":"","width":"","thumbnail":""},"footerw_bg_full":"0","footerw_bg_repeat":"no-repeat","footerw_bg_pos":"center center","footer_100_width":"0","footer_area_padding":{"top":"90px","right":"0px","bottom":"60px","left":"0px"},"footer_bg_color":"var(--awb-color8)","footer_border_size":"0","footer_border_color":"var(--awb-color2)","footer_divider_line":"0","footer_divider_line_size":"0","footer_divider_line_style":"solid","footer_divider_color":"rgba(80,81,82,0)","footer_widgets_padding":"25px","copyright_padding":{"top":"18px","bottom":"16px"},"copyright_bg_color":"var(--awb-color8)","copyright_border_size":"1","copyright_border_color":"var(--awb-color8)","footer_headings_typography":{"font-family":"","font-backup":"Arial, Helvetica, sans-serif","font-style":"","font-weight":"600","font-size":"16px","line-height":"1.5","letter-spacing":"2","text-transform":"","color":"var(--awb-color1)"},"footer_text_color":"var(--awb-color2)","footer_link_color":"var(--awb-color4)","footer_link_color_hover":"var(--awb-color4)","copyright_text_color":"hsla(var(--awb-color8-h),var(--awb-color8-s),calc( var(--awb-color8-l) + 56% ),var(--awb-color8-a))","copyright_link_color":"hsla(var(--awb-color8-h),var(--awb-color8-s),calc( var(--awb-color8-l) + 56% ),var(--awb-color8-a))","copyright_link_color_hover":"var(--awb-color4)","copyright_font_size":"12px","responsive_sidebar_order":"content,sidebar,sidebar-2","sidebar_sticky":"sidebar_one","sidebar_padding":"0px","sidebar_bg_color":"rgba(255,255,255,0)","sidebar_widget_bg_color":"rgba(255,255,255,0)","sidew_font_size":"16px","sidebar_heading_color":"var(--awb-color7)","pages_sidebar":"None","pages_sidebar_2":"None","pages_global_sidebar":"0","default_sidebar_pos":"Right","portfolio_sidebar":"None","portfolio_sidebar_2":"None","portfolio_global_sidebar":"0","portfolio_sidebar_position":"Right","portfolio_archive_sidebar":"None","portfolio_archive_sidebar_2":"None","posts_sidebar":"Blog Sidebar","posts_sidebar_2":"None","posts_global_sidebar":"0","blog_sidebar_position":"Right","blog_archive_sidebar":"None","blog_archive_sidebar_2":"None","search_sidebar":"None","search_sidebar_2":"None","search_sidebar_position":"Right","bg_image":{"url":"","id":"","height":"","width":"","thumbnail":""},"bg_full":"0","bg_repeat":"no-repeat","bg_color":"var(--awb-color2)","bg_pattern_option":"0","bg_pattern":"pattern1","content_bg_color":"var(--awb-color1)","content_bg_image":{"url":"","id":"","height":"","width":"","thumbnail":""},"content_bg_full":"0","content_bg_repeat":"no-repeat","typography_sets":{"typography1":{"label":"Headings","font-family":"Karla","font-backup":"Arial, Helvetica, sans-serif","variant":"400","font-size":"5em","line-height":"1.2","letter-spacing":"-2px","text-transform":"none"},"typography2":{"label":"Subheadings","font-family":"Karla","font-backup":"Arial, Helvetica, sans-serif","variant":"600","font-size":"24px","line-height":"1.1","letter-spacing":"0","text-transform":"none"},"typography3":{"label":"Lead","font-family":"Karla","font-backup":"Arial, Helvetica, sans-serif","variant":"500","font-size":"14px","line-height":"17px","letter-spacing":"3px","text-transform":"uppercase"},"typography4":{"label":"Body","font-family":"Karla","font-backup":"Arial, Helvetica, sans-serif","variant":"400","font-size":"16px","line-height":"1.6","letter-spacing":"0","text-transform":"none"},"typography5":{"label":"Small","font-family":"Karla","font-backup":"Arial, Helvetica, sans-serif","variant":"400","font-size":"13px","line-height":"1.72","letter-spacing":"0.015em","text-transform":"none"}},"body_typography":{"font-family":"var(--awb-typography4-font-family)","font-backup":"Arial, Helvetica, sans-serif","font-style":"","font-weight":"var(--awb-typography4)","font-size":"var(--awb-typography4-font-size)","line-height":"var(--awb-typography4-line-height)","letter-spacing":"var(--awb-typography4-letter-spacing)","color":"hsla(var(--awb-color8-h),var(--awb-color8-s),var(--awb-color8-l),calc(var(--awb-color8-a) - 30%))"},"link_color":"var(--awb-color3)","link_hover_color":"var(--awb-color3)","link_decoration":"0","link_decoration_exclusion":["buttons","menus","tocs","tabstoggles"],"link_decoration_line":"none","link_decoration_style":"solid","link_decoration_thickness":"1px","link_decoration_line_hover":"none","link_decoration_style_hover":"solid","link_decoration_thickness_hover":"1px","h1_typography":{"font-family":"var(--awb-typography1-font-family)","font-backup":"","font-style":"","font-weight":"var(--awb-typography1)","font-size":"var(--awb-typography1-font-size)","line-height":"var(--awb-typography1-line-height)","letter-spacing":"var(--awb-typography1-letter-spacing)","margin-top":"0.67em","margin-bottom":"0.67em","text-transform":"","color":"var(--awb-color1)"},"h2_typography":{"font-family":"var(--awb-typography1-font-family)","font-backup":"","font-style":"","font-weight":"var(--awb-typography1)","font-size":"30px","line-height":"var(--awb-typography1-line-height)","letter-spacing":"var(--awb-typography1-letter-spacing)","margin-top":"0em","margin-bottom":"1.1em","text-transform":"","color":"hsla(var(--awb-color8-h),var(--awb-color8-s),calc( var(--awb-color8-l) + 22% ),var(--awb-color8-a))"},"h3_typography":{"font-family":"var(--awb-typography1-font-family)","font-backup":"Arial, Helvetica, sans-serif","font-style":"","font-weight":"var(--awb-typography1)","font-size":"26px","line-height":"var(--awb-typography1-line-height)","letter-spacing":"var(--awb-typography1-letter-spacing)","margin-top":"1em","margin-bottom":"1em","text-transform":"","color":"var(--awb-color7)"},"h4_typography":{"font-family":"var(--awb-typography1-font-family)","font-backup":"","font-style":"","font-weight":"var(--awb-typography1)","font-size":"14px","line-height":"var(--awb-typography1-line-height)","letter-spacing":"0","margin-top":"1.33em","margin-bottom":"1.33em","text-transform":"","color":"var(--awb-color7)"},"h5_typography":{"font-family":"var(--awb-typography1-font-family)","font-backup":"","font-style":"","font-weight":"var(--awb-typography1)","font-size":"12px","line-height":"var(--awb-typography1-line-height)","letter-spacing":"0","margin-top":"1.67em","margin-bottom":"1.67em","text-transform":"","color":"var(--awb-color7)"},"h6_typography":{"font-family":"var(--awb-typography1-font-family)","font-backup":"","font-style":"","font-weight":"var(--awb-typography1)","font-size":"11px","line-height":"var(--awb-typography1-line-height)","letter-spacing":"0","margin-top":"2.33em","margin-bottom":"2.33em","text-transform":"","color":"var(--awb-color7)"},"post_title_typography":{"font-family":"var(--awb-typography1-font-family)","font-backup":"","font-style":"","font-weight":"var(--awb-typography1)","font-size":"25px","line-height":"var(--awb-typography1-line-height)","letter-spacing":"var(--awb-typography1-letter-spacing)","text-transform":"","color":"hsla(var(--awb-color8-h),var(--awb-color8-s),calc( var(--awb-color8-l) + 35% ),var(--awb-color8-a))"},"post_titles_extras_typography":{"font-family":"var(--awb-typography1-font-family)","font-backup":"","font-style":"","font-weight":"var(--awb-typography1)","font-size":"18px","line-height":"var(--awb-typography1-line-height)","letter-spacing":"0","text-transform":"","color":"var(--awb-color7)"},"custom_fonts":{"fusionredux_repeater_data":[{"title":""}],"name":[""],"woff2":[{"url":"","id":"","height":"","width":"","thumbnail":""}],"woff":[{"url":"","id":"","height":"","width":"","thumbnail":""}],"ttf":[{"url":"","id":"","height":"","width":"","thumbnail":""}],"eot":[{"url":"","id":"","height":"","width":"","thumbnail":""}],"svg":[{"url":"","id":"","height":"","width":"","thumbnail":""}]},"adobe_fonts_id":"","blog_page_title_bar":"bar_and_content","blog_show_page_title_bar":"bar_and_content","blog_title":"Blog","blog_subtitle":"","blog_layout":"grid","blog_archive_layout":"grid","blog_pagination_type":"load_more_button","blog_load_more_posts_button_bg_color":"var(--awb-color2)","blog_load_more_posts_button_text_color":"var(--awb-color7)","blog_load_more_posts_hover_button_bg_color":"hsla(var(--awb-color2-h),var(--awb-color2-s),var(--awb-color2-l),calc( var(--awb-color2-a) - 20% ))","blog_load_more_posts_hover_button_text_color":"var(--awb-color7)","blog_archive_grid_columns":"3","blog_archive_grid_column_spacing":"20","blog_equal_heights":"1","blog_archive_grid_padding":{"top":"30px","right":"25px","bottom":"20px","left":"25px"},"blog_layout_alignment":"center","content_length":"hide","excerpt_length_blog":"10","strip_html_excerpt":"1","featured_images":"1","dates_box_color":"var(--awb-color2)","alternate_date_format_month_year":"m, Y","alternate_date_format_day":"j","timeline_date_format":"F Y","blog_width_100":"0","featured_images_single":"1","blog_pn_nav":"0","blog_post_title":"disabled","blog_post_meta_position":"below_article","social_sharing_box":"1","author_info":"0","related_posts":"0","blog_comments":"1","post_meta":"0","post_meta_author":"1","post_meta_date":"1","post_meta_cats":"1","post_meta_comments":"1","post_meta_read":"1","post_meta_tags":"0","meta_font_size":"12px","date_format":"F jS, Y","portfolio_archive_layout":"grid","portfolio_archive_featured_image_size":"full","portfolio_archive_columns":"1","portfolio_archive_column_spacing":"20","portfolio_equal_heights":"0","portfolio_archive_one_column_text_position":"below","portfolio_archive_items":"10","portfolio_archive_text_layout":"no_text","portfolio_archive_content_length":"excerpt","portfolio_archive_excerpt_length":"10","portfolio_archive_strip_html_excerpt":"1","portfolio_archive_title_display":"all","portfolio_archive_text_alignment":"left","portfolio_archive_layout_padding":{"top":"25px","right":"25px","bottom":"25px","left":"25px"},"portfolio_archive_pagination_type":"pagination","portfolio_archive_load_more_posts_button_bg_color":"var(--awb-color2)","portfolio_archive_load_more_posts_button_text_color":"var(--awb-color7)","portfolio_archive_load_more_posts_hover_button_bg_color":"hsla(var(--awb-color2-h),var(--awb-color2-s),var(--awb-color2-l),calc( var(--awb-color2-a) - 20% ))","portfolio_archive_load_more_posts_hover_button_text_color":"var(--awb-color7)","portfolio_slug":"portfolio-items","portfolio_meta_font_size":"13px","portfolio_pn_nav":"1","portfolio_width_100":"0","portfolio_featured_image_width":"full","portfolio_featured_images":"1","show_first_featured_image":"1","portfolio_project_desc_title":"1","portfolio_project_details":"1","portfolio_link_icon_target":"0","portfolio_author":"0","portfolio_social_sharing_box":"1","portfolio_related_posts":"1","portfolio_comments":"0","social_media_icons":{"fusionredux_repeater_data":[{"title":""},{"title":""},{"title":""},{"title":""},{"title":""}],"icon":["facebook","twitter","instagram","youtube","spotify"],"icon_mark":["","","","",""],"url":["https:\/\/www.facebook.com\/ThemeFusion-101565403356430\/","https:\/\/twitter.com\/theme_fusion","https:\/\/www.instagram.com\/themefusion\/","https:\/\/www.youtube.com\/channel\/UC_C7uAOAH9RMzZs-CKCZ62w","https:\/\/bit.ly\/2TCvLRu"],"custom_title":["","","","",""],"custom_source":[{"url":"","id":"","height":"","width":"","thumbnail":""},{"url":"","id":"","height":"","width":"","thumbnail":""},{"url":"","id":"","height":"","width":"","thumbnail":""},{"url":"","id":"","height":"","width":"","thumbnail":""},{"url":"","id":"","height":"","width":"","thumbnail":""}]},"header_social_links_font_size":"16px","header_social_links_color_type":"custom","header_social_links_icon_color":"var(--awb-color2)","header_social_links_boxed":"0","header_social_links_box_color":"hsla(var(--awb-color8-h),var(--awb-color8-s),calc( var(--awb-color8-l) + 91% ),var(--awb-color8-a))","header_social_links_boxed_radius":"4px","header_social_links_boxed_padding":"8px","icons_footer":"1","footer_social_links_font_size":"18px","footer_social_links_color_type":"custom","footer_social_links_icon_color":"hsla(var(--awb-color8-h),var(--awb-color8-s),calc( var(--awb-color8-l) + 33% ),var(--awb-color8-a))","footer_social_links_boxed":"0","footer_social_links_box_color":"hsla(var(--awb-color8-h),var(--awb-color8-s),calc( var(--awb-color8-l) + 13% ),var(--awb-color8-a))","footer_social_links_boxed_radius":"4px","footer_social_links_boxed_padding":"8px","sharing_social_tagline":"Share This Story, Choose Your Platform!","sharing_box_tagline_text_color":"var(--awb-color7)","social_bg_color":"hsla(var(--awb-color8-h),var(--awb-color8-s),calc( var(--awb-color8-l) + 96% ),var(--awb-color8-a))","social_sharing_padding":{"top":"1.25em","right":"1.25em","bottom":"1.25em","left":"1.25em"},"social_sharing":["facebook","twitter","reddit","linkedin","whatsapp","tumblr","pinterest","vk","email"],"sharing_social_links_font_size":"16px","sharing_social_links_color_type":"custom","sharing_social_links_icon_color":"hsla(var(--awb-color8-h),var(--awb-color8-s),var(--awb-color8-l),calc(var(--awb-color8-a) - 50%))","sharing_social_links_boxed":"0","sharing_social_links_box_color":"hsla(var(--awb-color8-h),var(--awb-color8-s),calc( var(--awb-color8-l) + 91% ),var(--awb-color8-a))","sharing_social_links_boxed_radius":"4px","sharing_social_links_boxed_padding":"8px","posts_slideshow_number":"5","slideshow_autoplay":"1","slideshow_smooth_height":"0","slideshow_speed":"7000","pagination_video_slide":"0","slider_nav_box_dimensions":{"width":"30px","height":"30px"},"slider_arrow_size":"14px","tfes_dimensions":{"width":"100%","height":"400px"},"tfes_animation":"sides","tfes_autoplay":"1","tfes_interval":"3000","tfes_speed":"800","tfes_width":"150","es_title_font_size":"42px","es_caption_font_size":"20px","es_title_color":"var(--awb-color7)","es_caption_color":"hsla(var(--awb-color8-h),var(--awb-color8-s),calc( var(--awb-color8-l) + 45% ),var(--awb-color8-a))","status_lightbox":"1","status_lightbox_single":"1","lightbox_behavior":"all","lightbox_skin":"metro-white","lightbox_path":"vertical","lightbox_animation_speed":"normal","lightbox_arrows":"1","lightbox_gallery":"1","lightbox_autoplay":"0","lightbox_slideshow_speed":"5000","lightbox_opacity":"0.9","lightbox_title":"1","lightbox_desc":"1","lightbox_social":"1","lightbox_deeplinking":"1","lightbox_post_images":"1","lightbox_video_dimensions":{"width":"1280px","height":"720px"},"form_input_height":"60px","form_text_size":"18px","form_bg_color":"var(--awb-color1)","form_text_color":"var(--awb-color8)","form_border_width":{"top":"1px","right":"1px","bottom":"1px","left":"1px"},"form_border_color":"hsla(var(--awb-color8-h),var(--awb-color8-s),calc( var(--awb-color8-l) + 69% ),var(--awb-color8-a))","form_focus_border_color":"hsla(var(--awb-color8-h),var(--awb-color8-s),calc( var(--awb-color8-l) + 82% ),var(--awb-color8-a))","form_border_radius":"6","form_views_counting":"all","recaptcha_version":"v3","recaptcha_public":"","recaptcha_private":"","recaptcha_color_scheme":"light","recaptcha_score":"0.5","recaptcha_badge_position":"inline","recaptcha_login_form":"0","hubspot_api":"off","hubspot_key":"","mailchimp_api":"off","mailchimp_key":"","email_address":"","contact_comment_position":"below","contact_form_privacy_checkbox":"0","contact_form_privacy_label":"By checking this box, you confirm that you have read and are agreeing to our terms of use regarding the storage of the data submitted through this form.","gmap_api":"","gmap_api_type":"js","gmap_embed_address":"","gmap_embed_map_type":"roadmap","gmap_address":"775 New York Ave, Brooklyn, Kings, New York 11203","gmap_type":"roadmap","gmap_dimensions":{"width":"100%","height":"415px"},"gmap_topmargin":"55px","map_zoom_level":"8","map_pin":"1","gmap_pin_animation":"1","map_popup":"0","map_scrollwheel":"1","map_scale":"1","map_zoomcontrol":"1","map_styling":"default","map_overlay_color":"var(--awb-color4)","map_infobox_styling":"default","map_infobox_content":"","map_infobox_bg_color":"rgba(255,255,255,0)","map_infobox_text_color":"var(--awb-color1)","map_custom_marker_icon":"","search_filter_results":"0","search_content":["post","page","avada_portfolio","avada_faq"],"search_limit_to_post_titles":"0","search_form_design":"clean","live_search":"1","live_search_min_char_count":"4","live_search_results_per_page":"100","live_search_results_height":"250","live_search_display_featured_image":"1","live_search_display_post_type":"1","search_layout":"grid","search_results_per_page":"9","search_pagination_type":"pagination","search_grid_columns":"3","search_grid_column_spacing":"40","search_content_length":"excerpt","search_excerpt_length":"20","search_strip_html_excerpt":"1","search_featured_images":"0","search_meta":["date","categories","read_more"],"search_new_search_position":"hidden","gfonts_load_method":"local","privacy_embeds":"0","privacy_expiry":"30","privacy_embed_types":["youtube","vimeo","soundcloud","facebook","flickr","twitter","gmaps","tracking"],"privacy_embed_defaults":[],"privacy_bg_color":"hsla(var(--awb-color8-h),var(--awb-color8-s),var(--awb-color8-l),calc( var(--awb-color8-a) - 90% ))","privacy_color":"hsla(var(--awb-color8-h),var(--awb-color8-s),var(--awb-color8-l),calc( var(--awb-color8-a) - 70% ))","privacy_bar":"0","privacy_bar_padding":{"top":"15px","right":"30px","bottom":"15px","left":"30px"},"privacy_bar_bg_color":"hsla(var(--awb-color8-h),var(--awb-color8-s),var(--awb-color8-l),calc( var(--awb-color8-a) - 20% ))","privacy_bar_font_size":"13px","privacy_bar_color":"var(--awb-color2)","privacy_bar_link_color":"hsla(var(--awb-color8-h),var(--awb-color8-s),calc( var(--awb-color8-l) + 75% ),var(--awb-color8-a))","privacy_bar_link_hover_color":"var(--awb-color4)","privacy_bar_text":"This website uses cookies and third party services.","privacy_bar_button_text":"Ok","privacy_bar_button_save":"0","privacy_bar_more":"0","privacy_bar_more_text":"Settings","privacy_bar_update_text":"Update Settings","privacy_bar_headings_font_size":"13px","privacy_bar_headings_color":"hsla(var(--awb-color8-h),var(--awb-color8-s),calc( var(--awb-color8-l) + 87% ),var(--awb-color8-a))","privacy_bar_content":{"fusionredux_repeater_data":[{"title":""}],"type":[""],"title":[""],"description":[""]},"privacy_bar_reject":"0","privacy_bar_reject_text":"Reject","sidenav_behavior":"hover","side_nav_font_size":"14px","post_views":"page_load","post_views_counting":"all","featured_image_placeholder":"1","excerpt_base":"words","disable_excerpts":"0","excerpt_read_more_symbol":"[...]","link_read_more":"0","avatar_shape":"square","comments_pages":"0","featured_images_pages":"1","nofollow_social_links":"0","social_icons_new":"1","totop_position":"right","totop_border_radius":"4","totop_scroll_down_only":"0","custom_scrollbar":"0","scrollbar_background":"var(--awb-color2)","scrollbar_handle":"var(--awb-color4)","faq_slug":"faq-items","related_posts_layout":"title_on_rollover","number_related_posts":"5","related_posts_columns":"5","related_posts_column_spacing":"44","related_posts_image_size":"cropped","related_posts_autoplay":"0","related_posts_speed":"2500","related_posts_navigation":"1","related_posts_swipe":"0","related_posts_swipe_items":"0","image_rollover":"1","image_rollover_direction":"fade","image_rollover_icon_size":"15px","image_rollover_icons":"no","title_image_rollover":"0","cats_image_rollover":"0","icon_circle_image_rollover":"0","image_gradient_top_color":"hsla(var(--awb-color8-h),var(--awb-color8-s),var(--awb-color8-l),calc( var(--awb-color8-a) - 50% ))","image_gradient_bottom_color":"hsla(var(--awb-color8-h),var(--awb-color8-s),var(--awb-color8-l),calc( var(--awb-color8-a) - 50% ))","image_rollover_text_color":"var(--awb-color7)","image_rollover_icon_color":"var(--awb-color1)","pagination_sizing":"width_height","pagination_width_height":"30","pagination_box_padding":{"width":"6px","height":"2px"},"pagination_border_width":"1","pagination_border_radius":"0","pagination_text_display":"1","pagination_font_size":"12px","pagination_range":"1","pagination_start_end_range":"0","timeline_bg_color":"rgba(255,255,255,0)","timeline_color":"rgba(235,234,234,0)","grid_separator_style_type":"none","grid_separator_color":"rgba(235,234,234,0)","masonry_grid_ratio":"1.5","masonry_width_double":"2000","enable_language_updates":"1","dependencies_status":"1","disable_code_block_encoding":"1","disable_megamenu":"0","status_widget_areas":"1","status_avada_studio":"1","avada_rev_styles":"0","avada_styles_dropdowns":"1","disable_mobile_image_hovers":"1","status_yt":"0","status_vimeo":"0","status_gmap":"0","status_totop":"desktop","status_fontawesome":[],"fontawesome_v4_compatibility":"0","status_fontawesome_pro":"0","status_outline":"0","status_opengraph":"1","disable_date_rich_snippet_pages":"1","disable_rich_snippet_title":"1","disable_rich_snippet_author":"1","disable_rich_snippet_date":"1","disable_rich_snippet_faq":"1","enable_block_editor_backend_styles":"0","load_block_styles":"off","google_analytics":"","space_head":"","space_body":"","status_fusion_slider":"0","status_eslider":"0","status_fusion_forms":"1","status_awb_Off_Canvas":"1","status_fusion_portfolio":"0","status_fusion_faqs":"0","maintenance_mode":"","maintenance_redirect_url":"","maintenance_template":"0","maintenance_user_roles":[],"maintenance_exclude":"","maintenance_page_title":"","maintenance_robots_meta":"noindex","svg_upload":"disabled","pw_jpeg_quality":"82","wp_big_image_size_threshold":"2560","lazy_load":"avada","lazy_load_iframes":"none","font_face_display":"swap-all","preload_fonts":"none","preload_fonts_variants":["400"],"preload_fonts_subsets":["latin"],"emojis_disabled":"disabled","jquery_migrate_disabled":"disabled","defer_jquery":"1","defer_styles":"0","gzip_status":"0","video_facade":"on","clear_object_cache":"0","css_cache_method":"file","css_combine_third_party_assets":"1","media_queries_async":"0","critical_css":"1","cache_server_ip":"","js_compiler":"1","custom_css":"","info_bg_color":"var(--awb-color4)","info_accent_color":"var(--awb-color1)","danger_bg_color":"hsla(calc(var(--awb-color4-h) - 200),var(--awb-color4-s),var(--awb-color4-l),var(--awb-color4-a))","danger_accent_color":"var(--awb-color1)","success_bg_color":"hsla(calc(var(--awb-color4-h) - 80),var(--awb-color4-s),var(--awb-color4-l),var(--awb-color4-a))","success_accent_color":"var(--awb-color1)","warning_bg_color":"hsla(calc(var(--awb-color4-h) - 22),var(--awb-color4-s),var(--awb-color4-l),var(--awb-color4-a))","warning_accent_color":"var(--awb-color1)","alert_box_text_align":"center","alert_box_text_transform":"capitalize","alert_box_dismissable":"yes","alert_box_shadow":"no","alert_border_size":"1","animation_offset":"top-into-view","status_css_animations":"desktop","audio_max_width":"100%","audio_background_color":"var(--awb-color1)","audio_progressbar_color":"hsla(var(--awb-color8-h),var(--awb-color8-s),calc( var(--awb-color8-l) + 4% ),var(--awb-color8-a))","audio_controls_color_scheme":"dark","audio_border_size":"1","audio_border_color":"hsla(var(--awb-color8-h),var(--awb-color8-s),calc( var(--awb-color8-l) + 84% ),var(--awb-color8-a))","audio_border_radius":{"top_left":"0px","top_right":"0px","bottom_right":"0px","bottom_left":"0px"},"blog_grid_columns":"3","blog_grid_column_spacing":"20","blog_grid_padding":{"top":"30px","right":"20px","bottom":"30px","left":"20px"},"blog_excerpt":"yes","blog_excerpt_length":"20","blog_element_load_more_posts_button_bg_color":"var(--awb-color2)","blog_element_load_more_posts_button_text_color":"var(--awb-color7)","blog_element_load_more_posts_hover_button_bg_color":"hsla(var(--awb-color2-h),var(--awb-color2-s),var(--awb-color2-l),calc( var(--awb-color2-a) - 20% ))","blog_element_load_more_posts_hover_button_text_color":"var(--awb-color7)","button_padding":{"top":"13px","right":"29px","bottom":"13px","left":"29px"},"button_span":"no","button_type":"Flat","button_typography":{"font-family":"var(--awb-typography3-font-family)","font-backup":"","font-style":"","font-weight":"var(--awb-typography3)","font-size":"var(--awb-typography3-font-size)","line-height":"var(--awb-typography3-line-height)","letter-spacing":"var(--awb-typography3-letter-spacing)","text-transform":"var(--awb-typography3-text-transform)"},"button_gradient_top_color":"var(--awb-color4)","button_gradient_bottom_color":"var(--awb-color4)","button_gradient_top_color_hover":"hsla(var(--awb-color4-h),var(--awb-color4-s),calc(var(--awb-color4-l) - 10%),var(--awb-color4-a))","button_gradient_bottom_color_hover":"hsla(var(--awb-color4-h),var(--awb-color4-s),calc(var(--awb-color4-l) - 10%),var(--awb-color4-a))","button_gradient_start":"0","button_gradient_end":"100","button_gradient_type":"linear","button_gradient_angle":"180","button_radial_direction":"center center","button_accent_color":"var(--awb-color1)","button_accent_hover_color":"var(--awb-color1)","button_bevel_color":"var(--awb-color4)","button_bevel_color_hover":"var(--awb-color4)","button_border_width":{"top":"0px","right":"0px","bottom":"0px","left":"0px"},"button_border_radius":{"top_left":"25px","top_right":"25px","bottom_right":"25px","bottom_left":"25px"},"button_border_color":"var(--awb-color4)","button_border_hover_color":"var(--awb-color4)","button_presets":"0","carousel_nav_color":"hsla(var(--awb-color8-h),var(--awb-color8-s),var(--awb-color8-l),calc( var(--awb-color8-a) - 40% ))","carousel_hover_color":"hsla(var(--awb-color8-h),var(--awb-color8-s),var(--awb-color8-l),calc( var(--awb-color8-a) - 30% ))","carousel_speed":"2500","checklist_icons_color":"var(--awb-color1)","checklist_circle":"1","checklist_circle_color":"var(--awb-color3)","checklist_text_color":"var(--awb-color7)","checklist_item_size":"14px","checklist_item_padding":{"top":"0.35em","right":"0","bottom":"0.35em","left":"0"},"checklist_divider":"no","checklist_divider_color":"","checklist_odd_row_bgcolor":"rgba(255,255,255,0)","checklist_even_row_bgcolor":"rgba(255,255,255,0)","col_margin":{"top":"0px","bottom":"0px"},"col_spacing":"4%","col_width_medium":"1_1","col_width_small":"1_1","container_padding_default":{"top":"0px","right":"0px","bottom":"0px","left":"0px"},"container_padding_100":{"top":"0px","right":"10%","bottom":"0px","left":"10%"},"full_width_bg_color":"rgba(255,255,255,0)","full_width_gradient_start_color":"rgba(255,255,255,0)","full_width_gradient_end_color":"rgba(255,255,255,0)","full_width_border_sizes":{"top":"0px","right":"0px","bottom":"0px","left":"0px"},"full_width_border_color":"var(--awb-color2)","container_scroll_nav_bg_color":"hsla(var(--awb-color8-h),var(--awb-color8-s),var(--awb-color8-l),calc( var(--awb-color8-a) - 80% ))","container_scroll_nav_bullet_color":"hsla(var(--awb-color8-h),var(--awb-color8-s),calc( var(--awb-color8-l) + 93% ),var(--awb-color8-a))","container_hundred_percent_animation":"fade","container_hundred_percent_scroll_sensitivity":"200","container_hundred_percent_animation_speed":"800","container_hundred_percent_dots_navigation":"1","container_hundred_percent_height_mobile":"0","container_legacy_support":"0","counter_box_speed":"1000","counter_box_color":"var(--awb-color1)","counter_box_title_size":"50","counter_box_icon_size":"50","counter_box_body_color":"hsla(var(--awb-color8-h),var(--awb-color8-s),calc( var(--awb-color8-l) + 45% ),var(--awb-color8-a))","counter_box_body_size":"13","counter_box_border_color":"rgba(224,222,222,0)","counter_box_icon_top":"no","gallery_limit":"0","gallery_pagination_type":"button","gallery_load_more_button_text":"Load More","gallery_picture_size":"auto","gallery_layout":"grid","gallery_columns":"3","gallery_column_spacing":"20","gallery_hover_type":"zoomin","gallery_lightbox_content":"none","gallery_border_size":"0","gallery_border_color":"hsla(var(--awb-color8-h),var(--awb-color8-s),calc( var(--awb-color8-l) + 96% ),var(--awb-color8-a))","gallery_border_radius":"6px","icon_size":"32","icon_color":"var(--awb-color1)","icon_color_hover":"var(--awb-color1)","icon_circle":"yes","icon_circle_color":"var(--awb-color7)","icon_circle_color_hover":"var(--awb-color7)","icon_border_size":"1","icon_border_color":"var(--awb-color7)","icon_border_color_hover":"var(--awb-color7)","icon_border_radius":{"top_left":"50%","top_right":"50%","bottom_right":"50%","bottom_left":"50%"},"icon_hover_type":"fade","imageframe_style_type":"none","imageframe_blur":"3","imgframe_style_color":"var(--awb-color8)","imageframe_border_size":"0","imgframe_border_color":"hsla(var(--awb-color8-h),var(--awb-color8-s),calc( var(--awb-color8-l) + 96% ),var(--awb-color8-a))","imageframe_border_radius":"0px","section_sep_border_size":"1","section_sep_bg":"hsla(var(--awb-color8-h),var(--awb-color8-s),calc( var(--awb-color8-l) + 96% ),var(--awb-color8-a))","section_sep_border_color":"hsla(var(--awb-color8-h),var(--awb-color8-s),calc( var(--awb-color8-l) + 96% ),var(--awb-color8-a))","separator_style_type":"none","sep_color":"var(--awb-color2)","separator_border_size":"1","separator_icon_size":"16","separator_icon_color":"","separator_circle":"1","separator_circle_bg_color":"rgba(255,255,255,0)","social_links_margin":{"top":"0px","right":"0px","bottom":"0px","left":"0px"},"social_links_tooltip_placement":"Top","social_links_font_size":"16px","social_links_color_type":"brand","social_links_icon_color":"var(--awb-color2)","social_links_icon_color_hover":"hsla(var(--awb-color2-h),var(--awb-color2-s),var(--awb-color2-l),calc( var(--awb-color2-a) - 20% ))","social_links_boxed":"0","social_links_boxed_padding":"8px","social_links_box_color":"hsla(var(--awb-color8-h),var(--awb-color8-s),calc( var(--awb-color8-l) + 91% ),var(--awb-color8-a))","social_links_box_color_hover":"hsla(var(--awb-color8-h),var(--awb-color8-s),calc( var(--awb-color8-l) + 91% ),calc( var(--awb-color8-a) - 20% ))","social_links_border":{"top":"0px","right":"0px","bottom":"0px","left":"0px"},"social_links_boxed_radius":"4px","social_links_border_color":"var(--awb-color3)","social_links_border_color_hover":"var(--awb-color4)","text_columns":"1","text_column_min_width":"100px","text_column_spacing":"2em","text_rule_style":"none","text_rule_size":"1","text_rule_color":"var(--awb-color2)","title_text_transform":"","title_style_type":"none","title_border_color":"var(--awb-color2)","title_margin":{"top":"30px","right":"0px","bottom":"31px","left":"0px"},"title_margin_mobile":{"top":"30px","right":"0px","bottom":"20px","left":"0px"},"widget_area_title_size":"","widget_area_title_color":"","adobe_cache_fonts_info":"","header_social_links_tooltip_placement":"Bottom","footer_social_links_tooltip_placement":"Top","sharing_social_links_tooltip_placement":"Top","reset_hubspot_cache":"","reset_mailchimp_cache":"","reset_caches_button":""}