[{"avada-blog-sidebar":["media_image-2","custom_html-3","categories-3","social_links-widget-2"],"avada-footer-widget-1":["custom_html-2"],"avada-footer-widget-2":["nav_menu-2"],"avada-footer-widget-3":["recent-posts-3"],"avada-footer-widget-4":["tag_cloud-3"],"avada-custom-sidebar-homepagesearch":["search-3","tag_cloud-4"],"avada-custom-sidebar-blogsearch":["search-4"]},{"media_image":{"2":{"size":"full","width":920,"height":318,"caption":"","alt":"Avada Podcasts","link_type":"custom","link_url":"https:\/\/avada.theme-fusion.com\/podcasts\/latest-episodes\/","image_classes":"","link_classes":"","link_rel":"","link_target_blank":false,"image_title":"","attachment_id":319,"url":"https:\/\/avada.theme-fusion.com\/podcasts\/wp-content\/uploads\/sites\/116\/2019\/09\/avada-podcasts-sidebar-podcasts.png","title":"LISTEN NOW","fusion_padding_color":"","fusion_bg_color":"","fusion_bg_radius_size":"","fusion_border_size":"","fusion_border_style":"","fusion_border_color":"","fusion_align":"","fusion_align_mobile":""},"_multiwidget":1},"custom_html":{"3":{"title":"CAPTIVATING READS","content":"[fusion_imageframe image_id=\"320|full\" max_width=\"\" style_type=\"\" blur=\"\" stylecolor=\"\" hover_type=\"none\" bordersize=\"\" bordercolor=\"\" borderradius=\"\" align=\"none\" lightbox=\"no\" gallery_id=\"\" lightbox_image=\"\" lightbox_image_id=\"\" alt=\"\" link=\"https:\/\/avada.theme-fusion.com\/podcasts\/blog\/\" linktarget=\"_self\" animation_type=\"\" animation_direction=\"left\" animation_speed=\"0.3\" animation_offset=\"\" hide_on_mobile=\"small-visibility,medium-visibility,large-visibility\" class=\"\" id=\"\"]https:\/\/avada.theme-fusion.com\/podcasts\/wp-content\/uploads\/sites\/116\/2019\/09\/avada-podcasts-sidebar-articles.png[\/fusion_imageframe]\r\n<p>\r\nOur blog is packed with articles and stories based around lifestyle, business, design and wellbeing. Subscribe now to get all of our updated directly to your inbox every week.\r\n<\/p>","fusion_padding_color":"","fusion_bg_color":"","fusion_bg_radius_size":"","fusion_border_size":"","fusion_border_style":"","fusion_border_color":"","fusion_align":"","fusion_align_mobile":""},"2":{"title":"ABOUT US","content":"[fusion_imageframe image_id=\"118|full\" max_width=\"154px\" style_type=\"\" blur=\"\" stylecolor=\"\" hover_type=\"none\" bordersize=\"\" bordercolor=\"\" borderradius=\"\" align=\"none\" lightbox=\"no\" gallery_id=\"\" lightbox_image=\"\" lightbox_image_id=\"\" alt=\"\" link=\"\" linktarget=\"_self\" animation_type=\"\" animation_direction=\"left\" animation_speed=\"0.3\" animation_offset=\"\" hide_on_mobile=\"small-visibility,medium-visibility,large-visibility\" class=\"\" id=\"\"]https:\/\/avada.theme-fusion.com\/podcasts\/wp-content\/uploads\/sites\/116\/2019\/09\/avada-podcasts-footer-logo.png[\/fusion_imageframe]\r\n\r\n<p>\r\n\tAvada Podcasts is a weekly public radio program and podcast. Each week we release exciting new podcasts on a variety of current topics.\r\n<\/p>","fusion_padding_color":"","fusion_bg_color":"","fusion_bg_radius_size":"","fusion_border_size":"","fusion_border_style":"","fusion_border_color":"","fusion_align":"","fusion_align_mobile":""},"_multiwidget":1},"categories":{"3":{"title":"CATEGORIES","count":0,"hierarchical":0,"dropdown":0,"fusion_padding_color":"","fusion_bg_color":"","fusion_bg_radius_size":"","fusion_border_size":"","fusion_border_style":"","fusion_border_color":"","fusion_align":"","fusion_align_mobile":""},"_multiwidget":1},"social_links-widget":{"2":{"title":"SOCIAL MEDIA","linktarget":"","icons_font_size":"16px","icon_color":"","boxed_icon":"No","boxed_color":"","color_type":"custom","boxed_icon_radius":"4px","boxed_icon_padding":"8px","tooltip_pos":"Top","show_custom":"No","fb_link":"http:\/\/bit.ly\/2l3jd8A","flickr_link":"","rss_link":"http:\/\/bit.ly\/2l3jd8A","twitter_link":"http:\/\/bit.ly\/2l3jd8A","vimeo_link":"","youtube_link":"http:\/\/bit.ly\/2l3jd8A","instagram_link":"http:\/\/bit.ly\/2l3jd8A","pinterest_link":"","tumblr_link":"","dribbble_link":"","digg_link":"","linkedin_link":"","blogger_link":"","skype_link":"","forrst_link":"","myspace_link":"","deviantart_link":"","yahoo_link":"","reddit_link":"","paypal_link":"","dropbox_link":"","soundcloud_link":"http:\/\/bit.ly\/2l3jd8A","spotify_link":"http:\/\/bit.ly\/2l3jd8A","vk_link":"","whatsapp_link":"","xing_link":"","yelp_link":"","email_link":"","use_to":"No","fusion_padding_color":"","fusion_bg_color":"","fusion_bg_radius_size":"","fusion_border_size":"","fusion_border_style":"","fusion_border_color":"","fusion_align":"","fusion_align_mobile":""},"_multiwidget":1},"nav_menu":{"2":{"title":"QUICK MENU","nav_menu":9,"fusion_padding_color":"","fusion_bg_color":"","fusion_bg_radius_size":"","fusion_border_size":"","fusion_border_style":"","fusion_border_color":"","fusion_align":"","fusion_align_mobile":""},"_multiwidget":1},"recent-posts":{"3":{"title":"LATEST BLOGS","number":3,"show_date":false,"fusion_padding_color":"","fusion_bg_color":"","fusion_bg_radius_size":"","fusion_border_size":"","fusion_border_style":"","fusion_border_color":"","fusion_align":"","fusion_align_mobile":""},"_multiwidget":1},"tag_cloud":{"3":{"title":"TAGS","count":0,"taxonomy":"category","fusion_padding_color":"","fusion_bg_color":"","fusion_bg_radius_size":"","fusion_border_size":"","fusion_border_style":"","fusion_border_color":"","fusion_align":"","fusion_align_mobile":""},"4":{"title":"CATEGORIES","count":0,"taxonomy":"category","fusion_padding_color":"","fusion_bg_color":"","fusion_bg_radius_size":"","fusion_border_size":"","fusion_border_style":"","fusion_border_color":"","fusion_align":"center","fusion_align_mobile":"center"},"_multiwidget":1},"search":{"3":{"title":"","fusion_padding_color":"","fusion_bg_color":"","fusion_bg_radius_size":"","fusion_border_size":"","fusion_border_style":"","fusion_border_color":"","fusion_align":"","fusion_align_mobile":""},"4":{"title":"","fusion_padding_color":"","fusion_bg_color":"","fusion_bg_radius_size":"","fusion_border_size":"","fusion_border_style":"","fusion_border_color":"","fusion_align":"center","fusion_align_mobile":"center"},"_multiwidget":1}}]